専門教育科目　国際学部　国際学科,,,,,,
科目区分,授業科目名,必修(単位数),選択(単位数),自由(単位数),開設年次及び学期,備考
専門基礎科目　ベーシック入門科目,国際研究入門,2,0,0,1年・前期,なし
専門基礎科目　ベーシック入門科目,データ分析入門,0,2,0,1年・後期,なし
専門基礎科目　ベーシック基礎科目,基礎演習,1,0,0,1年・後期,なし
専門基礎科目　ベーシック基礎科目,発展演習Ⅰ,1,0,0,2年・前期,なし
専門基礎科目　ベーシック基礎科目,発展演習Ⅱ,1,0,0,2年・後期,なし
専門基礎科目　英語スキルアップ科目,英語読解法Ⅰ,0,2,0,2年・前期,なし
専門基礎科目　英語スキルアップ科目,英語読解法Ⅱ,0,2,0,2年・後期,なし
専門基礎科目　英語スキルアップ科目,英語討論技法Ⅰ,0,2,0,2年・前期,なし
専門基礎科目　英語スキルアップ科目,英語討論技法Ⅱ,0,2,0,2年・後期,なし
専門基礎科目　英語スキルアップ科目,英語文法Ⅰ,0,2,0,2年・前期,なし
専門基礎科目　英語スキルアップ科目,英語文法Ⅱ,0,2,0,2年・後期,なし
専門科目　5プログラム科目　国際政治・平和プログラム,国際関係論,0,2,0,1年・前期,なし
専門科目　5プログラム科目　国際政治・平和プログラム,国際関係史入門,0,2,0,1年・後期,なし
専門科目　5プログラム科目　国際政治・平和プログラム,平和研究入門,0,2,0,1年・後期,なし
専門科目　5プログラム科目　国際政治・平和プログラム,国際安全保障論,0,2,0,2年・前期,なし
専門科目　5プログラム科目　国際政治・平和プログラム,比較政治学,0,2,0,2年・前期,なし
専門科目　5プログラム科目　国際政治・平和プログラム,国際協力論Ⅰ,0,2,0,2年・前期,公共※ 授業科目によっては、２つのプログラムに共通する授業科目もあり、「備考欄」に下記の略号を付記しています。
専門科目　5プログラム科目　国際政治・平和プログラム,国際協力論Ⅱ,0,2,0,2年・後期,公共※ 授業科目によっては、２つのプログラムに共通する授業科目もあり、「備考欄」に下記の略号を付記しています。
専門科目　5プログラム科目　国際政治・平和プログラム,国際社会論Ⅰ,0,2,0,2年・前期,多文化※ 授業科目によっては、２つのプログラムに共通する授業科目もあり、「備考欄」に下記の略号を付記しています。
専門科目　5プログラム科目　国際政治・平和プログラム,国際社会論Ⅱ,0,2,0,2年・後期,多文化※ 授業科目によっては、２つのプログラムに共通する授業科目もあり、「備考欄」に下記の略号を付記しています。
専門科目　5プログラム科目　国際政治・平和プログラム,平和研究Ⅰ,0,2,0,2年・前期,なし
専門科目　5プログラム科目　国際政治・平和プログラム,平和研究Ⅱ,0,2,0,2年・後期,なし
専門科目　5プログラム科目　国際政治・平和プログラム,国際関係史(中国)Ⅰ,0,2,0,2年・前期,なし
専門科目　5プログラム科目　国際政治・平和プログラム,国際関係史(中国)Ⅱ,0,2,0,2年・後期,なし
専門科目　5プログラム科目　国際政治・平和プログラム,国際法,0,2,0,2年・後期,なし
専門科目　5プログラム科目　国際政治・平和プログラム,国際政治理論,0,2,0,2年・後期,なし
専門科目　5プログラム科目　国際政治・平和プログラム,国際政治学,0,2,0,2年・後期,なし
専門科目　5プログラム科目　国際政治・平和プログラム,Learning ILIs,0,2,0,2年・前期,なし
専門科目　5プログラム科目　国際政治・平和プログラム,Peace and Conflict Studies i,0,1,0,2年・第1ターム(前期),なし
専門科目　5プログラム科目　国際政治・平和プログラム,Peace and Conflict Studies ii,0,1,0,2年・第2ターム(前期),なし
専門科目　5プログラム科目　国際政治・平和プログラム,Contemporary Political Issues,0,2,0,2年・後期,なし
専門科目　5プログラム科目　国際政治・平和プログラム,History Japanese Politics and Diplomacy,0,2,0,2年・後期,なし
専門科目　5プログラム科目　国際政治・平和プログラム,国際人権法,0,2,0,3年・前期,なし
専門科目　5プログラム科目　国際政治・平和プログラム,民族国家論Ⅰ,0,2,0,3年・前期,なし
専門科目　5プログラム科目　国際政治・平和プログラム,民族国家論Ⅱ,0,2,0,3年・後期,なし
専門科目　5プログラム科目　国際政治・平和プログラム,開発政治論Ⅰ,0,2,0,3年・前期,公共※ 授業科目によっては、２つのプログラムに共通する授業科目もあり、「備考欄」に下記の略号を付記しています。
専門科目　5プログラム科目　国際政治・平和プログラム,開発政治論Ⅱ,0,2,0,3年・後期,公共※ 授業科目によっては、２つのプログラムに共通する授業科目もあり、「備考欄」に下記の略号を付記しています。
専門科目　5プログラム科目　国際政治・平和プログラム,紛争解決論Ⅰ,0,2,0,3年・前期,なし
専門科目　5プログラム科目　国際政治・平和プログラム,紛争解決論Ⅱ,0,2,0,3年・後期,なし
専門科目　5プログラム科目　国際政治・平和プログラム,国際機構論Ⅰ,0,2,0,3年・前期,なし
専門科目　5プログラム科目　国際政治・平和プログラム,国際機構論Ⅱ,0,2,0,3年・後期,なし
専門科目　5プログラム科目　国際政治・平和プログラム,国際関係史(日本)Ⅰ,0,2,0,3年・前期,なし
専門科目　5プログラム科目　国際政治・平和プログラム,国際関係史(日本)Ⅱ,0,2,0,3年・後期,なし
専門科目　5プログラム科目　国際政治・平和プログラム,国際関係史(朝鮮半島)Ⅰ,0,2,0,3年・前期,なし
専門科目　5プログラム科目　国際政治・平和プログラム,国際関係史(朝鮮半島)Ⅱ,0,2,0,3年・後期,なし
専門科目　5プログラム科目　国際政治・平和プログラム,国際関係史(アメリカ)Ⅰ,0,2,0,3年・前期,なし
専門科目　5プログラム科目　国際政治・平和プログラム,国際関係史(アメリカ)Ⅱ,0,2,0,3年・後期,なし
専門科目　5プログラム科目　国際政治・平和プログラム,国際関係史(ロシア)Ⅰ,0,2,0,3年・前期,なし
専門科目　5プログラム科目　国際政治・平和プログラム,国際関係史(ロシア)Ⅱ,0,2,0,3年・後期,なし
専門科目　5プログラム科目　国際政治・平和プログラム,日本社会と人権,0,2,0,3年・後期,多文化※ 授業科目によっては、２つのプログラムに共通する授業科目もあり、「備考欄」に下記の略号を付記しています。
専門科目　5プログラム科目　公共政策・NPOプログラム,公共政策・NPO入門,0,1,0,1年・第3ターム(後期),なし
専門科目　5プログラム科目　公共政策・NPOプログラム,ミクロ経済学Ⅰ,0,2,0,1年・後期,なし
専門科目　5プログラム科目　公共政策・NPOプログラム,マクロ経済学Ⅰ,0,2,0,1年・後期,なし
専門科目　5プログラム科目　公共政策・NPOプログラム,基本統計学Ⅰ,0,2,0,1年・後期,なし
専門科目　5プログラム科目　公共政策・NPOプログラム,リーディング・パプリック・ポリシーi,0,1,0,1年・第3ターム(後期),なし
専門科目　5プログラム科目　公共政策・NPOプログラム,リーディング・パプリック・ポリシーii,0,1,0,1年・第4ターム(後期),なし
専門科目　5プログラム科目　公共政策・NPOプログラム,国際開発学,0,2,0,1年・後期,政治※ 授業科目によっては、２つのプログラムに共通する授業科目もあり、「備考欄」に下記の略号を付記しています。
専門科目　5プログラム科目　公共政策・NPOプログラム,生涯学習概論,0,2,0,1年・後期,なし
専門科目　5プログラム科目　公共政策・NPOプログラム,ミクロ経済学Ⅱ,0,2,0,2年・前期,なし
専門科目　5プログラム科目　公共政策・NPOプログラム,基本統計学Ⅱ-i,0,1,0,2年・第1ターム(前期),なし
専門科目　5プログラム科目　公共政策・NPOプログラム,基本統計学Ⅱ-ii,0,1,0,2年・第2ターム(前期),なし
専門科目　5プログラム科目　公共政策・NPOプログラム,交通論,0,2,0,2年・前期,ビジネス※ 授業科目によっては、２つのプログラムに共通する授業科目もあり、「備考欄」に下記の略号を付記しています。【地域貢献特定プログラム】
専門科目　5プログラム科目　公共政策・NPOプログラム,開発社会学,0,2,0,2年・前期,なし
専門科目　5プログラム科目　公共政策・NPOプログラム,非営利組織論Ⅰ,0,2,0,2年・前期,ビジネス※ 授業科目によっては、２つのプログラムに共通する授業科目もあり、「備考欄」に下記の略号を付記しています。【地域貢献特定プログラム】
専門科目　5プログラム科目　公共政策・NPOプログラム,非営利組織論Ⅱ,0,2,0,2年・後期,ビジネス※ 授業科目によっては、２つのプログラムに共通する授業科目もあり、「備考欄」に下記の略号を付記しています。【地域貢献特定プログラム】
専門科目　5プログラム科目　公共政策・NPOプログラム,財政学Ⅰ,0,2,0,2年・前期,なし
専門科目　5プログラム科目　公共政策・NPOプログラム,財政学Ⅱ,0,2,0,2年・後期,なし
専門科目　5プログラム科目　公共政策・NPOプログラム,現代社会と法Ⅰ,0,2,0,2年・前期,なし
専門科目　5プログラム科目　公共政策・NPOプログラム,現代社会と法Ⅱ,0,2,0,2年・後期,なし
専門科目　5プログラム科目　公共政策・NPOプログラム,経済政策論Ⅰ,0,2,0,2年・前期,政治※ 授業科目によっては、２つのプログラムに共通する授業科目もあり、「備考欄」に下記の略号を付記しています。
専門科目　5プログラム科目　公共政策・NPOプログラム,経済政策論Ⅱ,0,2,0,2年・後期,なし
専門科目　5プログラム科目　公共政策・NPOプログラム,組織の経済学Ⅰ,0,2,0,2年・前期,ビジネス※ 授業科目によっては、２つのプログラムに共通する授業科目もあり、「備考欄」に下記の略号を付記しています。
専門科目　5プログラム科目　公共政策・NPOプログラム,組織の経済学Ⅱ,0,2,0,2年・後期,ビジネス※ 授業科目によっては、２つのプログラムに共通する授業科目もあり、「備考欄」に下記の略号を付記しています。
専門科目　5プログラム科目　公共政策・NPOプログラム,マクロ経済学Ⅱ,0,2,0,2年・後期,なし
専門科目　5プログラム科目　公共政策・NPOプログラム,金融論,0,2,0,2年・後期,ビジネス※ 授業科目によっては、２つのプログラムに共通する授業科目もあり、「備考欄」に下記の略号を付記しています。
専門科目　5プログラム科目　公共政策・NPOプログラム,スポーツ開発論,0,2,0,2年・後期,ビジネス※ 授業科目によっては、２つのプログラムに共通する授業科目もあり、「備考欄」に下記の略号を付記しています。
専門科目　5プログラム科目　公共政策・NPOプログラム,健康心理学,0,2,0,2年・後期,なし
専門科目　5プログラム科目　公共政策・NPOプログラム,国際教育論,0,2,0,2年・後期,なし
専門科目　5プログラム科目　公共政策・NPOプログラム,地域再生論,0,2,0,2年・後期,ビジネス※ 授業科目によっては、２つのプログラムに共通する授業科目もあり、「備考欄」に下記の略号を付記しています。【地域貢献特定プログラム】
専門科目　5プログラム科目　公共政策・NPOプログラム,環境社会学,0,2,0,2年・後期,なし
専門科目　5プログラム科目　公共政策・NPOプログラム,地方自治論,0,2,0,2年・前期,なし
専門科目　5プログラム科目　公共政策・NPOプログラム,開発プロジェクト論,0,2,0,3年・前期,なし
専門科目　5プログラム科目　公共政策・NPOプログラム,教育経営学,0,2,0,3年・前期,なし
専門科目　5プログラム科目　公共政策・NPOプログラム,比較法制度Ⅰ,0,2,0,3年・前期,なし
専門科目　5プログラム科目　公共政策・NPOプログラム,比較法制度Ⅱ,0,2,0,3年・後期,なし
専門科目　5プログラム科目　公共政策・NPOプログラム,Politics and EconomicsⅠ,0,2,0,3年・前期,なし
専門科目　5プログラム科目　公共政策・NPOプログラム,Politics and EconomicsⅡ,0,2,0,3年・後期,なし
専門科目　5プログラム科目　多文化共生プログラム,多文化共生入門,0,2,0,1年・前期,なし
専門科目　5プログラム科目　多文化共生プログラム,地域研究入門,0,2,0,1年・前期,なし
専門科目　5プログラム科目　多文化共生プログラム,社会文化思想史Ⅰ,0,2,0,1年・後期,政治※ 授業科目によっては、２つのプログラムに共通する授業科目もあり、「備考欄」に下記の略号を付記しています。
専門科目　5プログラム科目　多文化共生プログラム,テキスト分析法,0,2,0,2年・前期,言語※ 授業科目によっては、２つのプログラムに共通する授業科目もあり、「備考欄」に下記の略号を付記しています。
専門科目　5プログラム科目　多文化共生プログラム,フィールドワーク論,0,2,0,2年・前期,言語※ 授業科目によっては、２つのプログラムに共通する授業科目もあり、「備考欄」に下記の略号を付記しています。【地域貢献特定プログラム】
専門科目　5プログラム科目　多文化共生プログラム,ジェンダーとセクシュアリティ,0,2,0,2年・前期,なし
専門科目　5プログラム科目　多文化共生プログラム,社会文化思想史Ⅱ,0,2,0,2年・前期,なし
専門科目　5プログラム科目　多文化共生プログラム,マス&ソーシャルメディア論,0,2,0,2年・前期,政治※ 授業科目によっては、２つのプログラムに共通する授業科目もあり、「備考欄」に下記の略号を付記しています。
専門科目　5プログラム科目　多文化共生プログラム,比較文化論Ⅰ,0,2,0,2年・前期,なし
専門科目　5プログラム科目　多文化共生プログラム,比較文化論Ⅱ,0,2,0,2年・後期,なし
専門科目　5プログラム科目　多文化共生プログラム,音楽人類学Ⅰ,0,2,0,2年・前期,なし
専門科目　5プログラム科目　多文化共生プログラム,音楽人類学Ⅱ,0,2,0,2年・後期,なし
専門科目　5プログラム科目　多文化共生プログラム,文化交流史Ⅰ,0,2,0,2年・前期,なし
専門科目　5プログラム科目　多文化共生プログラム,文化交流史Ⅱ,0,2,0,2年・後期,なし
専門科目　5プログラム科目　多文化共生プログラム,共生の哲学Ⅰ,0,2,0,2年・前期,なし
専門科目　5プログラム科目　多文化共生プログラム,共生の哲学Ⅱ,0,2,0,2年・後期,なし
専門科目　5プログラム科目　多文化共生プログラム,美術史(日本)Ⅰ,0,2,0,2年・前期,なし
専門科目　5プログラム科目　多文化共生プログラム,美術史(日本)Ⅱ,0,2,0,2年・後期,なし
専門科目　5プログラム科目　多文化共生プログラム,美学Ⅰ,0,2,0,2年・前期,なし
専門科目　5プログラム科目　多文化共生プログラム,美学Ⅱ,0,2,0,2年・後期,なし
専門科目　5プログラム科目　多文化共生プログラム,エスニシティと宗教Ⅰ,0,2,0,2年・後期,なし
専門科目　5プログラム科目　多文化共生プログラム,労働と社会,0,2,0,2年・後期,なし
専門科目　5プログラム科目　多文化共生プログラム,メディア・リテラシー,0,2,0,2年・後期,なし
専門科目　5プログラム科目　多文化共生プログラム,East Asian Cultures and Societies,0,2,0,2年・後期,なし
専門科目　5プログラム科目　多文化共生プログラム,Hiroshima and Atomic Bombing in Media,0,2,0,2年・後期,なし
専門科目　5プログラム科目　多文化共生プログラム,Future Studies Ⅰ,0,2,0,2年・後期,なし
専門科目　5プログラム科目　多文化共生プログラム,Premodearn Japanese Studies,0,1,0,2年・第3ターム(後期),なし
専門科目　5プログラム科目　多文化共生プログラム,エスにティと宗教Ⅱ,0,2,0,3年・前期,なし
専門科目　5プログラム科目　多文化共生プログラム,異文化間交渉論,0,2,0,3年・前期,なし
専門科目　5プログラム科目　多文化共生プログラム,比較民族学Ⅰ,0,2,0,3年・前期,なし
専門科目　5プログラム科目　多文化共生プログラム,比較民族学Ⅱ,0,2,0,3年・後期,なし
専門科目　5プログラム科目　多文化共生プログラム,美術史(西洋)Ⅰ,0,2,0,3年・前期,なし
専門科目　5プログラム科目　多文化共生プログラム,美術史(西洋)Ⅱ,0,2,0,3年・後期,なし
専門科目　5プログラム科目　多文化共生プログラム,美術史(現代)Ⅰ,0,2,0,3年・前期,なし
専門科目　5プログラム科目　多文化共生プログラム,美術史(現代)Ⅱ,0,2,0,3年・後期,なし
専門科目　5プログラム科目　多文化共生プログラム,Future Studies Ⅱ,0,2,0,3年・前期,なし
専門科目　5プログラム科目　多文化共生プログラム,Exploring Japanese Society ,0,2,0,3年・後期,なし
専門科目　5プログラム科目　国際ビジネスプログラム,国際ビジネス入門,0,2,0,1年・前期,なし
専門科目　5プログラム科目　国際ビジネスプログラム,会計学Ⅰ,0,2,0,1年・後期,なし
専門科目　5プログラム科目　国際ビジネスプログラム,International Commerce,0,2,0,1年・後期,なし
専門科目　5プログラム科目　国際ビジネスプログラム,会計学Ⅱ,0,2,0,2年・前期,なし
専門科目　5プログラム科目　国際ビジネスプログラム,経営戦略論,0,2,0,2年・前期,なし
専門科目　5プログラム科目　国際ビジネスプログラム,人的資源管理論,0,2,0,2年・前期,なし
専門科目　5プログラム科目　国際ビジネスプログラム,国際経営論Ⅰ,0,2,0,2年・前期,なし
専門科目　5プログラム科目　国際ビジネスプログラム,国際経営論Ⅱ,0,2,0,2年・後期,なし
専門科目　5プログラム科目　国際ビジネスプログラム,マーケティング論Ⅰ,0,2,0,2年・前期,公共※ 授業科目によっては、２つのプログラムに共通する授業科目もあり、「備考欄」に下記の略号を付記しています。【地域貢献特定プログラム】
専門科目　5プログラム科目　国際ビジネスプログラム,マーケティング論Ⅱ,0,2,0,2年・後期,なし
専門科目　5プログラム科目　国際ビジネスプログラム,多国籍企業論Ⅰ,0,2,0,2年・前期,なし
専門科目　5プログラム科目　国際ビジネスプログラム,多国籍企業論Ⅱ,0,2,0,2年・後期,なし
専門科目　5プログラム科目　国際ビジネスプログラム,財務管理論Ⅰ,0,2,0,2年・前期,なし
専門科目　5プログラム科目　国際ビジネスプログラム,財務管理論Ⅱ,0,2,0,2年・後期,なし
専門科目　5プログラム科目　国際ビジネスプログラム,経営史,0,2,0,2年・後期,【地域貢献特定プログラム】
専門科目　5プログラム科目　国際ビジネスプログラム,公会計論,0,2,0,2年・後期,なし
専門科目　5プログラム科目　国際ビジネスプログラム,国際会計論,0,2,0,2年・後期,なし
専門科目　5プログラム科目　国際ビジネスプログラム,経営組織論,0,2,0,2年・後期,なし
専門科目　5プログラム科目　国際ビジネスプログラム,International Business,0,2,0,2年・後期,なし
専門科目　5プログラム科目　国際ビジネスプログラム,Introdution to Management,0,2,0,2年・後期,なし
専門科目　5プログラム科目　国際ビジネスプログラム,国際貿易論,0,2,0,3年・前期,なし
専門科目　5プログラム科目　国際ビジネスプログラム,国際金融論Ⅰ,0,2,0,3年・前期,公共※ 授業科目によっては、２つのプログラムに共通する授業科目もあり、「備考欄」に下記の略号を付記しています。【地域貢献特定プログラム】
専門科目　5プログラム科目　国際ビジネスプログラム,国際金融論Ⅱ,0,2,0,3年・後期,なし
専門科目　5プログラム科目　国際ビジネスプログラム,国際ビジネス法務Ⅰ,0,2,0,3年・前期,公共※ 授業科目によっては、２つのプログラムに共通する授業科目もあり、「備考欄」に下記の略号を付記しています。【地域貢献特定プログラム】
専門科目　5プログラム科目　国際ビジネスプログラム,国際ビジネス法務Ⅱ,0,2,0,3年・後期,なし
専門科目　5プログラム科目　国際ビジネスプログラム,テクノロジーマネジメント,0,2,0,3年・後期,なし
専門科目　5プログラム科目　言語・コミュニケーションプログラム,言語・コミュニケーション研究入門A,0,1,0,1年・第3ターム(後期),なし
専門科目　5プログラム科目　言語・コミュニケーションプログラム,言語・コミュニケーション研究入門B,0,1,0,1年・第4ターム(後期),なし
専門科目　5プログラム科目　言語・コミュニケーションプログラム,フランスの文学と文化,0,2,0,2年・前期,多文化※ 授業科目によっては、２つのプログラムに共通する授業科目もあり、「備考欄」に下記の略号を付記しています。
専門科目　5プログラム科目　言語・コミュニケーションプログラム,応用言語論Ⅰ,0,2,0,2年・前期,なし
専門科目　5プログラム科目　言語・コミュニケーションプログラム,応用言語論Ⅱ,0,2,0,2年・後期,なし
専門科目　5プログラム科目　言語・コミュニケーションプログラム,日本語学・日本語教育学Ⅰ,0,2,0,2年・前期,なし
専門科目　5プログラム科目　言語・コミュニケーションプログラム,日本語学・日本語教育学Ⅱ,0,2,0,2年・後期,なし
専門科目　5プログラム科目　言語・コミュニケーションプログラム,翻訳論Ⅰ,0,2,0,2年・前期,なし
専門科目　5プログラム科目　言語・コミュニケーションプログラム,翻訳論Ⅱ,0,2,0,2年・後期,なし
専門科目　5プログラム科目　言語・コミュニケーションプログラム,言語比較論Ⅰ,0,2,0,2年・前期,なし
専門科目　5プログラム科目　言語・コミュニケーションプログラム,言語比較論Ⅱ,0,2,0,2年・後期,なし
専門科目　5プログラム科目　言語・コミュニケーションプログラム,通訳技法論Ⅰ,0,2,0,2年・前期,なし
専門科目　5プログラム科目　言語・コミュニケーションプログラム,通訳技法論Ⅱ,0,2,0,2年・後期,なし
専門科目　5プログラム科目　言語・コミュニケーションプログラム,コミュニケーション技法論Ⅰ,0,2,0,2年・前期,なし
専門科目　5プログラム科目　言語・コミュニケーションプログラム,コミュニケーション技法論Ⅱ,0,2,0,2年・後期,なし
専門科目　5プログラム科目　言語・コミュニケーションプログラム,イギリスの文学と文化Ⅰ,0,2,0,2年・前期,多文化※ 授業科目によっては、２つのプログラムに共通する授業科目もあり、「備考欄」に下記の略号を付記しています。
専門科目　5プログラム科目　言語・コミュニケーションプログラム,イギリスの文学と文化Ⅱ,0,2,0,2年・後期,多文化※ 授業科目によっては、２つのプログラムに共通する授業科目もあり、「備考欄」に下記の略号を付記しています。
専門科目　5プログラム科目　言語・コミュニケーションプログラム,Cross-cultural Language and CommunicationⅠ,0,2,0,2年・前期,なし
専門科目　5プログラム科目　言語・コミュニケーションプログラム,Cross-cultural Language and CommunicationⅡ,0,2,0,2年・後期,なし
専門科目　5プログラム科目　言語・コミュニケーションプログラム,英文法論,0,2,0,3年・前期,なし
専門科目　5プログラム科目　言語・コミュニケーションプログラム,英米文学概論Ⅰ,0,2,0,3年・前期,なし
専門科目　5プログラム科目　言語・コミュニケーションプログラム,時事英語,0,2,0,3年・前期,なし
専門科目　5プログラム科目　言語・コミュニケーションプログラム,英語学概論Ⅰ,0,2,0,3年・前期,なし
専門科目　5プログラム科目　言語・コミュニケーションプログラム,英語学概論Ⅱ,0,2,0,3年・後期,なし
専門科目　5プログラム科目　言語・コミュニケーションプログラム,英文構成法Ⅰ,0,2,0,3年・前期,なし
専門科目　5プログラム科目　言語・コミュニケーションプログラム,英文構成法Ⅱ,0,2,0,3年・後期,なし
専門科目　5プログラム科目　言語・コミュニケーションプログラム,英米文学概論Ⅱ,0,2,0,3年・後期,なし
専門科目　5プログラム科目　言語・コミュニケーションプログラム,英語聴解法 ,0,2,0,3年・後期,なし
専門科目　5プログラム科目　言語・コミュニケーションプログラム,Special Lecture in British and American LiteratureⅠ,0,2,0,3年・前期,なし
専門科目　5プログラム科目　言語・コミュニケーションプログラム,Special Lecture in British and American LiteratureⅡ,0,2,0,3年・後期,なし
専門科目　5プログラム科目　言語・コミュニケーションプログラム,Communication in EnglishⅠ,0,1,0,3年・前期,なし
専門科目　5プログラム科目　言語・コミュニケーションプログラム,Communication in EnglishⅡ,0,1,0,3年・後期,なし
専門科目　5プログラム科目　5プログラム共通科目(地域研究),データ分析Ⅰ,0,2,0,2年・前期,なし
専門科目　5プログラム科目　5プログラム共通科目(地域研究),データ分析Ⅱ,0,2,0,2年・後期,なし
専門科目　5プログラム科目　5プログラム共通科目(地域研究),日本政治論,0,2,0,2年・前期,提供元プログラム　政治
専門科目　5プログラム科目　5プログラム共通科目(地域研究),国際日本学,0,2,0,3年・前期,提供元プログラム　多文化
専門科目　5プログラム科目　5プログラム共通科目(地域研究),日本文化史Ⅰ,0,2,0,1年・後期,提供元プログラム　多文化
専門科目　5プログラム科目　5プログラム共通科目(地域研究),日本文化史Ⅱ,0,2,0,2年・前期,提供元プログラム　多文化
専門科目　5プログラム科目　5プログラム共通科目(地域研究),Modern Japanese Studies,0,2,0,2年・後期,提供元プログラム　多文化
専門科目　5プログラム科目　5プログラム共通科目(地域研究),東北アジア政治論Ⅰ,0,1,0,1年・第3ターム(後期),提供元プログラム　政治
専門科目　5プログラム科目　5プログラム共通科目(地域研究),東北アジア政治論Ⅱ,0,1,0,1年・第4ターム(後期),提供元プログラム　政治
専門科目　5プログラム科目　5プログラム共通科目(地域研究),東南アジア研究,0,2,0,2年・後期,提供元プログラム　政治
専門科目　5プログラム科目　5プログラム共通科目(地域研究),東アジア研究,0,2,0,3年・前期,提供元プログラム　多文化
専門科目　5プログラム科目　5プログラム共通科目(地域研究),中国文化論Ⅰ,0,2,0,2年・前期,提供元プログラム　多文化
専門科目　5プログラム科目　5プログラム共通科目(地域研究),中国文化論Ⅱ,0,2,0,2年・後期,提供元プログラム　多文化
専門科目　5プログラム科目　5プログラム共通科目(地域研究),アメリカ政治論i,0,1,0,2年・第3ターム(後期),提供元プログラム　政治
専門科目　5プログラム科目　5プログラム共通科目(地域研究),アメリカ政治論ii,0,1,0,2年・第4ターム(後期),提供元プログラム　政治
専門科目　5プログラム科目　5プログラム共通科目(地域研究),American CultureⅠ,0,2,0,2年・前期,提供元プログラム　多文化
専門科目　5プログラム科目　5プログラム共通科目(地域研究),American CultureⅡ,0,2,0,2年・後期,提供元プログラム　多文化
専門科目　5プログラム科目　5プログラム共通科目(地域研究),ラテンアメリカ研究Ⅰ,0,2,0,3年・前期,提供元プログラム　多文化
専門科目　5プログラム科目　5プログラム共通科目(地域研究),ラテンアメリカ研究Ⅱ,0,2,0,3年・後期,提供元プログラム　多文化
専門科目　5プログラム科目　5プログラム共通科目(地域研究),ヨーロッパ政治論,0,2,0,2年・前期,提供元プログラム　政治
専門科目　5プログラム科目　5プログラム共通科目(地域研究),イギリス文化論Ⅰ,0,2,0,2年・前期,提供元プログラム　多文化
専門科目　5プログラム科目　5プログラム共通科目(地域研究),イギリス文化論Ⅱ,0,2,0,2年・後期,提供元プログラム　多文化
専門科目　5プログラム科目　5プログラム共通科目(地域研究),フランス文化論,0,2,0,2年・後期,提供元プログラム　多文化
専門科目　5プログラム科目　5プログラム共通科目(地域研究),Études de la société française,0,2,0,3年・前期,提供元プログラム　公共
専門科目　5プログラム科目　5プログラム共通科目(地域研究),Gesellschaft in Deutschland,0,2,0,3年・後期,提供元プログラム　公共
専門科目　5プログラム科目　5プログラム共通科目(地域研究),ロシア研究,0,2,0,1年・後期,提供元プログラム　政治
専門科目　5プログラム科目　5プログラム共通科目(地域研究),中東アラブ研究入門,0,2,0,1年・後期,提供元プログラム　多文化
専門科目　5プログラム科目　5プログラム共通科目(地域研究),中東アラブ研究,0,2,0,2年・前期,提供元プログラム　多文化
専門科目　5プログラム科目　5プログラム共通科目(地域研究),アフリカ研究Ⅰ,0,2,0,1年・後期,提供元プログラム　多文化
専門科目　5プログラム科目　5プログラム共通科目(地域研究),アフリカ研究Ⅱ-i,0,1,0,2年・第1ターム(前期),提供元プログラム　多文化
専門科目　5プログラム科目　5プログラム共通科目(地域研究),アフリカ研究Ⅱ-ii,0,1,0,2年・第2ターム(前期),提供元プログラム　多文化
専門科目　5プログラム科目　5プログラム共通科目(地域研究),African Societies and Development,0,2,0,3年・前期,提供元プログラム　公共
専門科目　アクティブ科目　国際交流,国際研究特講Ⅰ,,2,,全学年,なし
専門科目　アクティブ科目　国際交流,国際研究特講Ⅱ,,2,,全学年,なし
専門科目　アクティブ科目　国際交流,海外短期語学留学(ハワイ),,2,,全学年,なし
専門科目　アクティブ科目　国際交流,海外短期語学留学(オルレアン),,4,,全学年,なし
専門科目　アクティブ科目　国際交流,海外短期語学留学(モスクワ),,2,,全学年,なし
専門科目　アクティブ科目　国際交流,海外短期語学留学(西南),,2,,全学年,なし
専門科目　アクティブ科目　国際交流,HIROSHIMA and PEACE,,4,,2・3・4年次,なし
専門科目　アクティブ科目　インターンシップ,企業インターンシップ,,2,,2・3・4年次,なし
専門科目　アクティブ科目　インターンシップ,学校インターンシップ,,2,,2・3・4年次,なし
専門科目　アクティブ科目　インターンシップ,学部派遣海外インターンシップ,,2,,2・3・4年次,なし
専門科目　アクティブ科目　インターンシップ,公的機関インターンシップ,,2,,2・3・4年次,なし
専門科目　アクティブ科目　演習,専門演習Ⅰ,1,,,3年次,専門演習について 専門演習の分野から2単位以上（演習Ⅰと演習Ⅱを各1単位以上）を履修すること。 「専門演習Ⅰ」は前期履修を、「専門演習Ⅱ」は後期履修を原則とし、事前に指導教員の許可があった場合、「専門演習Ⅰ」の後期履修又は「専門演習Ⅱ」の前期履修が認められる。
専門科目　アクティブ科目　演習,専門演習Ⅱ,1,,,3年次,専門演習について 専門演習の分野から2単位以上（演習Ⅰと演習Ⅱを各1単位以上）を履修すること。 「専門演習Ⅰ」は前期履修を、「専門演習Ⅱ」は後期履修を原則とし、事前に指導教員の許可があった場合、「専門演習Ⅰ」の後期履修又は「専門演習Ⅱ」の前期履修が認められる。
専門科目　アクティブ科目　演習,卒論演習Ⅰ,1,,,4年次,なし
専門科目　アクティブ科目　演習,卒論演習Ⅱ,1,,,4年次,なし
専門科目　特別演習・特別講義,特別演習Ⅰ,,1,,4年次,特別演習について 「特別演習Ⅰ」、「特別演習Ⅱ」は、事前に指導教員の許可があった場合に履修が認められる。また、一定の条件のもとに「アクティブ科目」への加算が認められる。
専門科目　特別演習・特別講義,特別演習Ⅱ,,1,,4年次,特別演習について 「特別演習Ⅰ」、「特別演習Ⅱ」は、事前に指導教員の許可があった場合に履修が認められる。また、一定の条件のもとに「アクティブ科目」への加算が認められる。
専門科目　特別演習・特別講義,特別演習Ⅲ,,1,,4年次,なし
専門科目　特別演習・特別講義,特別演習Ⅳ,,1,,4年次,なし
専門科目　特別演習・特別講義,特別講義Ⅰ,,2,,4年次,なし
専門科目　特別演習・特別講義,特別講義Ⅱ,,2,,4年次,なし
専門科目　卒業論文,卒業論文,4,,,4年次,卒業論文着手要件 広島市立大学履修規程第8条に規定する「学長が別に定める要件を満たす」者とは、国際学部においては、次の各号のいずれかに該当する者とする。 次に掲げる条件を満たす者。 卒業の要件となる128単位のうち、90単位以上を修得していること。 教授会で認められた者。